,bangalore,chennai,cochin,gurgaon,hosur,noida,visakapatinam,travel,hometown
0,0,0,0,0,1,0,0,True,True
1,1,0,0,0,0,0,0,True,False
2,0,1,0,0,0,0,0,True,True
3,0,1,0,0,0,0,0,True,True
4,1,0,0,0,0,0,0,True,False
5,0,0,0,1,0,0,0,False,True
6,0,0,0,1,0,0,0,False,True
7,0,0,0,1,0,0,0,False,False
8,0,0,0,1,0,0,0,False,False
9,0,0,0,1,0,0,0,False,False
10,1,0,0,0,0,0,0,False,False
11,1,0,0,0,0,0,0,False,False
12,1,0,0,0,0,0,0,False,True
13,1,0,0,0,0,0,0,False,False
14,1,0,0,0,0,0,0,False,False
15,1,0,0,0,0,0,0,False,False
16,1,0,0,0,0,0,0,False,False
17,1,0,0,0,0,0,0,False,True
18,1,0,0,0,0,0,0,False,False
19,1,0,0,0,0,0,0,False,False
20,1,0,0,0,0,0,0,False,False
21,1,0,0,0,0,0,0,False,False
22,1,0,0,0,0,0,0,False,False
23,1,0,0,0,0,0,0,False,False
24,1,0,0,0,0,0,0,False,False
25,1,0,0,0,0,0,0,False,False
26,1,0,0,0,0,0,0,False,True
27,1,0,0,0,0,0,0,False,True
28,0,1,0,0,0,0,0,False,True
29,0,1,0,0,0,0,0,False,True
30,0,1,0,0,0,0,0,False,True
31,0,1,0,0,0,0,0,False,False
32,0,1,0,0,0,0,0,False,False
33,0,1,0,0,0,0,0,False,True
34,0,1,0,0,0,0,0,False,True
35,0,1,0,0,0,0,0,False,False
36,0,1,0,0,0,0,0,False,True
37,0,1,0,0,0,0,0,False,True
38,0,1,0,0,0,0,0,False,True
39,0,1,0,0,0,0,0,False,True
40,0,1,0,0,0,0,0,False,True
41,0,1,0,0,0,0,0,False,False
42,0,1,0,0,0,0,0,False,False
43,0,1,0,0,0,0,0,False,False
44,0,1,0,0,0,0,0,False,True
45,0,1,0,0,0,0,0,False,True
46,0,1,0,0,0,0,0,False,True
47,0,1,0,0,0,0,0,False,True
48,0,1,0,0,0,0,0,False,True
49,0,1,0,0,0,0,0,False,True
50,0,1,0,0,0,0,0,False,False
51,0,1,0,0,0,0,0,False,False
52,0,1,0,0,0,0,0,False,False
53,0,1,0,0,0,0,0,False,True
54,0,1,0,0,0,0,0,False,True
55,0,1,0,0,0,0,0,False,True
56,0,1,0,0,0,0,0,False,True
57,0,1,0,0,0,0,0,False,True
58,0,1,0,0,0,0,0,False,True
59,0,1,0,0,0,0,0,False,True
60,0,1,0,0,0,0,0,False,True
61,0,1,0,0,0,0,0,False,True
62,0,1,0,0,0,0,0,False,True
63,0,1,0,0,0,0,0,False,True
64,0,1,0,0,0,0,0,False,True
65,0,1,0,0,0,0,0,False,True
66,0,1,0,0,0,0,0,False,True
67,0,1,0,0,0,0,0,False,True
68,0,1,0,0,0,0,0,False,True
69,0,1,0,0,0,0,0,False,True
70,0,1,0,0,0,0,0,False,True
71,0,1,0,0,0,0,0,False,True
72,0,1,0,0,0,0,0,False,True
73,0,1,0,0,0,0,0,False,True
74,0,1,0,0,0,0,0,False,True
75,0,1,0,0,0,0,0,False,True
76,0,1,0,0,0,0,0,False,True
77,0,1,0,0,0,0,0,False,True
78,0,1,0,0,0,0,0,False,True
79,0,1,0,0,0,0,0,False,True
80,0,1,0,0,0,0,0,False,True
81,0,1,0,0,0,0,0,False,True
82,0,1,0,0,0,0,0,False,True
83,0,1,0,0,0,0,0,False,True
84,0,1,0,0,0,0,0,False,True
85,0,1,0,0,0,0,0,False,True
86,0,1,0,0,0,0,0,False,True
87,0,1,0,0,0,0,0,False,True
88,0,1,0,0,0,0,0,False,True
89,0,1,0,0,0,0,0,False,True
90,0,1,0,0,0,0,0,False,True
91,0,1,0,0,0,0,0,False,True
92,0,1,0,0,0,0,0,False,False
93,0,1,0,0,0,0,0,False,True
94,0,1,0,0,0,0,0,False,True
95,0,1,0,0,0,0,0,False,True
96,0,1,0,0,0,0,0,False,False
97,0,1,0,0,0,0,0,False,False
98,0,1,0,0,0,0,0,False,False
99,0,1,0,0,0,0,0,False,True
100,0,1,0,0,0,0,0,False,True
101,0,1,0,0,0,0,0,False,True
102,0,1,0,0,0,0,0,False,True
103,0,1,0,0,0,0,0,False,True
104,0,1,0,0,0,0,0,False,True
105,0,1,0,0,0,0,0,False,True
106,0,1,0,0,0,0,0,False,False
107,0,1,0,0,0,0,0,False,False
108,0,1,0,0,0,0,0,False,True
109,0,1,0,0,0,0,0,False,True
110,0,1,0,0,0,0,0,False,False
111,0,1,0,0,0,0,0,False,False
112,0,1,0,0,0,0,0,False,True
113,0,1,0,0,0,0,0,False,True
114,0,1,0,0,0,0,0,False,False
115,0,1,0,0,0,0,0,False,False
116,0,1,0,0,0,0,0,False,False
117,0,1,0,0,0,0,0,False,False
118,0,1,0,0,0,0,0,False,False
119,0,1,0,0,0,0,0,False,False
120,0,1,0,0,0,0,0,False,True
121,0,1,0,0,0,0,0,False,True
122,0,1,0,0,0,0,0,False,True
123,0,1,0,0,0,0,0,False,True
124,0,1,0,0,0,0,0,False,True
125,0,1,0,0,0,0,0,False,True
126,0,1,0,0,0,0,0,False,True
127,0,1,0,0,0,0,0,False,True
128,0,1,0,0,0,0,0,False,True
129,0,1,0,0,0,0,0,False,True
130,0,1,0,0,0,0,0,False,True
131,0,1,0,0,0,0,0,False,True
132,0,1,0,0,0,0,0,False,True
133,1,0,0,0,0,0,0,False,True
134,1,0,0,0,0,0,0,False,False
135,1,0,0,0,0,0,0,False,False
136,1,0,0,0,0,0,0,False,False
137,1,0,0,0,0,0,0,False,True
138,1,0,0,0,0,0,0,False,True
139,1,0,0,0,0,0,0,False,True
140,1,0,0,0,0,0,0,False,False
141,1,0,0,0,0,0,0,False,False
142,1,0,0,0,0,0,0,False,False
143,1,0,0,0,0,0,0,False,False
144,1,0,0,0,0,0,0,False,True
145,1,0,0,0,0,0,0,False,False
146,1,0,0,0,0,0,0,False,False
147,1,0,0,0,0,0,0,False,True
148,1,0,0,0,0,0,0,False,True
149,1,0,0,0,0,0,0,False,True
150,1,0,0,0,0,0,0,False,True
151,1,0,0,0,0,0,0,False,False
152,1,0,0,0,0,0,0,False,True
153,1,0,0,0,0,0,0,False,True
154,1,0,0,0,0,0,0,False,True
155,1,0,0,0,0,0,0,False,True
156,1,0,0,0,0,0,0,False,True
157,1,0,0,0,0,0,0,False,True
158,1,0,0,0,0,0,0,False,True
159,1,0,0,0,0,0,0,False,True
160,1,0,0,0,0,0,0,False,True
161,1,0,0,0,0,0,0,False,True
162,1,0,0,0,0,0,0,False,True
163,1,0,0,0,0,0,0,False,True
164,1,0,0,0,0,0,0,False,True
165,1,0,0,0,0,0,0,False,True
166,1,0,0,0,0,0,0,False,True
167,1,0,0,0,0,0,0,False,True
168,1,0,0,0,0,0,0,False,True
169,1,0,0,0,0,0,0,False,True
170,1,0,0,0,0,0,0,False,True
171,1,0,0,0,0,0,0,False,True
172,1,0,0,0,0,0,0,False,True
173,1,0,0,0,0,0,0,False,True
174,1,0,0,0,0,0,0,False,True
175,1,0,0,0,0,0,0,False,True
176,1,0,0,0,0,0,0,False,True
177,1,0,0,0,0,0,0,False,True
178,1,0,0,0,0,0,0,False,True
179,1,0,0,0,0,0,0,False,True
180,1,0,0,0,0,0,0,False,True
181,1,0,0,0,0,0,0,False,True
182,1,0,0,0,0,0,0,False,True
183,1,0,0,0,0,0,0,False,True
184,1,0,0,0,0,0,0,False,True
185,1,0,0,0,0,0,0,False,True
186,1,0,0,0,0,0,0,False,True
187,1,0,0,0,0,0,0,False,True
188,1,0,0,0,0,0,0,False,True
189,1,0,0,0,0,0,0,False,True
190,1,0,0,0,0,0,0,False,True
191,1,0,0,0,0,0,0,False,True
192,1,0,0,0,0,0,0,False,True
193,1,0,0,0,0,0,0,False,True
194,1,0,0,0,0,0,0,False,True
195,1,0,0,0,0,0,0,False,True
196,1,0,0,0,0,0,0,False,True
197,1,0,0,0,0,0,0,False,True
198,1,0,0,0,0,0,0,False,True
199,1,0,0,0,0,0,0,False,True
200,1,0,0,0,0,0,0,False,True
201,1,0,0,0,0,0,0,False,True
202,1,0,0,0,0,0,0,False,True
203,1,0,0,0,0,0,0,False,True
204,1,0,0,0,0,0,0,False,True
205,1,0,0,0,0,0,0,False,True
206,1,0,0,0,0,0,0,False,True
207,1,0,0,0,0,0,0,False,True
208,1,0,0,0,0,0,0,False,True
209,1,0,0,0,0,0,0,False,True
210,1,0,0,0,0,0,0,False,True
211,1,0,0,0,0,0,0,False,True
212,1,0,0,0,0,0,0,False,True
213,1,0,0,0,0,0,0,False,True
214,1,0,0,0,0,0,0,False,True
215,1,0,0,0,0,0,0,False,True
216,1,0,0,0,0,0,0,False,True
217,1,0,0,0,0,0,0,False,True
218,1,0,0,0,0,0,0,False,True
219,1,0,0,0,0,0,0,False,True
220,1,0,0,0,0,0,0,False,True
221,1,0,0,0,0,0,0,False,True
222,1,0,0,0,0,0,0,False,True
223,1,0,0,0,0,0,0,False,True
224,1,0,0,0,0,0,0,False,True
225,1,0,0,0,0,0,0,False,True
226,1,0,0,0,0,0,0,False,True
227,1,0,0,0,0,0,0,False,True
228,1,0,0,0,0,0,0,False,True
229,1,0,0,0,0,0,0,False,True
230,1,0,0,0,0,0,0,False,True
231,1,0,0,0,0,0,0,False,True
232,1,0,0,0,0,0,0,False,True
233,1,0,0,0,0,0,0,False,True
234,1,0,0,0,0,0,0,False,True
235,1,0,0,0,0,0,0,False,True
236,1,0,0,0,0,0,0,False,True
237,1,0,0,0,0,0,0,False,True
238,1,0,0,0,0,0,0,False,True
239,1,0,0,0,0,0,0,False,True
240,1,0,0,0,0,0,0,False,True
241,1,0,0,0,0,0,0,False,True
242,1,0,0,0,0,0,0,False,False
243,1,0,0,0,0,0,0,False,True
244,1,0,0,0,0,0,0,False,False
245,1,0,0,0,0,0,0,False,False
246,1,0,0,0,0,0,0,False,False
247,1,0,0,0,0,0,0,False,False
248,1,0,0,0,0,0,0,False,False
249,1,0,0,0,0,0,0,False,False
250,1,0,0,0,0,0,0,False,False
251,1,0,0,0,0,0,0,False,False
252,1,0,0,0,0,0,0,False,True
253,1,0,0,0,0,0,0,False,True
254,1,0,0,0,0,0,0,False,True
255,1,0,0,0,0,0,0,False,False
256,1,0,0,0,0,0,0,False,False
257,1,0,0,0,0,0,0,False,False
258,1,0,0,0,0,0,0,False,False
259,1,0,0,0,0,0,0,False,False
260,1,0,0,0,0,0,0,False,False
261,1,0,0,0,0,0,0,False,False
262,1,0,0,0,0,0,0,False,False
263,1,0,0,0,0,0,0,False,False
264,1,0,0,0,0,0,0,False,False
265,1,0,0,0,0,0,0,False,False
266,1,0,0,0,0,0,0,False,False
267,1,0,0,0,0,0,0,False,False
268,1,0,0,0,0,0,0,False,True
269,1,0,0,0,0,0,0,False,False
270,1,0,0,0,0,0,0,False,False
271,1,0,0,0,0,0,0,False,False
272,1,0,0,0,0,0,0,False,False
273,1,0,0,0,0,0,0,False,False
274,1,0,0,0,0,0,0,False,False
275,1,0,0,0,0,0,0,False,True
276,1,0,0,0,0,0,0,False,False
277,1,0,0,0,0,0,0,False,False
278,1,0,0,0,0,0,0,False,False
279,1,0,0,0,0,0,0,False,False
280,1,0,0,0,0,0,0,False,False
281,1,0,0,0,0,0,0,False,True
282,1,0,0,0,0,0,0,False,True
283,1,0,0,0,0,0,0,False,True
284,1,0,0,0,0,0,0,False,False
285,1,0,0,0,0,0,0,False,False
286,1,0,0,0,0,0,0,False,False
287,1,0,0,0,0,0,0,False,False
288,1,0,0,0,0,0,0,False,False
289,1,0,0,0,0,0,0,False,False
290,1,0,0,0,0,0,0,False,True
291,1,0,0,0,0,0,0,False,False
292,1,0,0,0,0,0,0,False,False
293,1,0,0,0,0,0,0,False,False
294,1,0,0,0,0,0,0,False,False
295,1,0,0,0,0,0,0,False,False
296,1,0,0,0,0,0,0,False,False
297,1,0,0,0,0,0,0,False,True
298,1,0,0,0,0,0,0,False,True
299,1,0,0,0,0,0,0,False,True
300,1,0,0,0,0,0,0,False,False
301,1,0,0,0,0,0,0,False,False
302,1,0,0,0,0,0,0,False,True
303,1,0,0,0,0,0,0,False,True
304,1,0,0,0,0,0,0,False,True
305,1,0,0,0,0,0,0,False,False
306,1,0,0,0,0,0,0,False,False
307,1,0,0,0,0,0,0,False,False
308,1,0,0,0,0,0,0,False,False
309,1,0,0,0,0,0,0,False,False
310,1,0,0,0,0,0,0,False,False
311,1,0,0,0,0,0,0,False,False
312,1,0,0,0,0,0,0,False,True
313,1,0,0,0,0,0,0,False,True
314,1,0,0,0,0,0,0,False,True
315,1,0,0,0,0,0,0,False,True
316,1,0,0,0,0,0,0,False,True
317,1,0,0,0,0,0,0,False,True
318,1,0,0,0,0,0,0,False,False
319,1,0,0,0,0,0,0,False,False
320,1,0,0,0,0,0,0,False,False
321,1,0,0,0,0,0,0,False,False
322,1,0,0,0,0,0,0,False,True
323,1,0,0,0,0,0,0,False,False
324,1,0,0,0,0,0,0,False,False
325,0,1,0,0,0,0,0,False,True
326,0,1,0,0,0,0,0,False,False
327,0,1,0,0,0,0,0,False,True
328,0,1,0,0,0,0,0,False,True
329,0,1,0,0,0,0,0,False,True
330,0,1,0,0,0,0,0,False,True
331,0,1,0,0,0,0,0,False,True
332,0,1,0,0,0,0,0,False,False
333,0,1,0,0,0,0,0,False,True
334,0,1,0,0,0,0,0,False,True
335,0,1,0,0,0,0,0,False,True
336,0,1,0,0,0,0,0,False,True
337,0,1,0,0,0,0,0,False,True
338,0,1,0,0,0,0,0,False,True
339,0,1,0,0,0,0,0,False,True
340,0,1,0,0,0,0,0,False,True
341,0,1,0,0,0,0,0,False,True
342,0,1,0,0,0,0,0,False,False
343,0,1,0,0,0,0,0,False,False
344,0,1,0,0,0,0,0,False,False
345,0,1,0,0,0,0,0,False,True
346,0,1,0,0,0,0,0,False,True
347,0,1,0,0,0,0,0,False,False
348,0,1,0,0,0,0,0,False,True
349,0,1,0,0,0,0,0,False,True
350,0,1,0,0,0,0,0,False,True
351,0,1,0,0,0,0,0,False,False
352,0,1,0,0,0,0,0,False,False
353,0,1,0,0,0,0,0,False,False
354,0,1,0,0,0,0,0,False,False
355,0,1,0,0,0,0,0,False,False
356,0,1,0,0,0,0,0,False,True
357,0,1,0,0,0,0,0,False,False
358,0,1,0,0,0,0,0,False,False
359,0,1,0,0,0,0,0,False,False
360,0,1,0,0,0,0,0,False,False
361,0,1,0,0,0,0,0,False,False
362,0,1,0,0,0,0,0,False,False
363,0,1,0,0,0,0,0,False,False
364,0,1,0,0,0,0,0,False,False
365,0,1,0,0,0,0,0,False,False
366,0,1,0,0,0,0,0,False,False
367,0,1,0,0,0,0,0,False,False
368,0,1,0,0,0,0,0,False,False
369,0,1,0,0,0,0,0,True,False
370,0,0,0,0,0,0,1,True,True
371,0,0,0,0,0,0,1,False,False
372,0,0,0,0,0,0,1,True,False
373,0,0,0,0,0,0,1,False,False
374,0,0,0,0,0,0,1,False,False
375,0,0,0,0,0,0,1,False,False
376,0,0,0,0,0,0,1,False,True
377,0,0,0,0,0,0,1,False,True
378,0,0,0,0,0,0,1,False,False
379,0,0,0,0,0,0,1,False,False
380,0,0,0,0,0,0,1,False,False
381,0,0,0,0,0,0,1,False,False
382,0,0,0,0,0,0,1,False,False
383,0,0,0,0,0,0,1,False,False
384,0,0,0,0,0,0,1,True,False
385,0,0,0,0,0,0,1,True,False
386,0,0,0,0,0,0,1,False,False
387,0,0,0,0,0,0,1,False,False
388,0,0,0,0,0,0,1,False,False
389,0,0,0,0,0,0,1,False,False
390,0,0,0,0,0,0,1,False,False
391,0,1,0,0,0,0,0,False,True
392,0,1,0,0,0,0,0,False,True
393,0,1,0,0,0,0,0,False,True
394,0,1,0,0,0,0,0,False,False
395,0,1,0,0,0,0,0,False,False
396,0,1,0,0,0,0,0,False,True
397,0,1,0,0,0,0,0,False,True
398,0,1,0,0,0,0,0,False,False
399,0,1,0,0,0,0,0,False,True
400,0,1,0,0,0,0,0,False,True
401,0,1,0,0,0,0,0,False,False
402,0,1,0,0,0,0,0,False,True
403,0,1,0,0,0,0,0,False,True
404,0,1,0,0,0,0,0,False,True
405,0,1,0,0,0,0,0,False,False
406,0,1,0,0,0,0,0,False,True
407,0,1,0,0,0,0,0,False,True
408,0,1,0,0,0,0,0,False,False
409,0,1,0,0,0,0,0,False,False
410,0,1,0,0,0,0,0,False,True
411,0,1,0,0,0,0,0,False,True
412,0,1,0,0,0,0,0,False,True
413,0,1,0,0,0,0,0,False,True
414,0,1,0,0,0,0,0,False,True
415,0,1,0,0,0,0,0,False,True
416,0,1,0,0,0,0,0,False,True
417,0,1,0,0,0,0,0,False,True
418,0,1,0,0,0,0,0,False,True
419,0,1,0,0,0,0,0,False,False
420,0,1,0,0,0,0,0,False,False
421,0,1,0,0,0,0,0,False,True
422,0,1,0,0,0,0,0,False,True
423,0,1,0,0,0,0,0,False,True
424,0,1,0,0,0,0,0,False,True
425,0,1,0,0,0,0,0,False,True
426,0,1,0,0,0,0,0,False,False
427,0,1,0,0,0,0,0,False,True
428,0,1,0,0,0,0,0,False,False
429,0,1,0,0,0,0,0,False,True
430,0,1,0,0,0,0,0,False,False
431,0,1,0,0,0,0,0,False,True
432,0,1,0,0,0,0,0,False,False
433,0,1,0,0,0,0,0,False,False
434,0,1,0,0,0,0,0,False,True
435,0,1,0,0,0,0,0,False,True
436,0,1,0,0,0,0,0,False,True
437,0,1,0,0,0,0,0,True,True
438,0,1,0,0,0,0,0,True,True
439,0,1,0,0,0,0,0,True,False
440,0,1,0,0,0,0,0,True,False
441,0,1,0,0,0,0,0,True,False
442,0,1,0,0,0,0,0,True,False
443,0,1,0,0,0,0,0,True,True
444,0,1,0,0,0,0,0,True,False
445,0,1,0,0,0,0,0,True,True
446,0,1,0,0,0,0,0,True,True
447,0,1,0,0,0,0,0,True,True
448,0,1,0,0,0,0,0,True,False
449,0,1,0,0,0,0,0,True,False
450,0,1,0,0,0,0,0,True,True
451,1,0,0,0,0,0,0,False,False
452,1,0,0,0,0,0,0,False,False
453,1,0,0,0,0,0,0,False,False
454,1,0,0,0,0,0,0,False,False
455,1,0,0,0,0,0,0,False,False
456,1,0,0,0,0,0,0,False,False
457,1,0,0,0,0,0,0,False,False
458,1,0,0,0,0,0,0,False,False
459,1,0,0,0,0,0,0,False,False
460,1,0,0,0,0,0,0,False,False
461,1,0,0,0,0,0,0,False,False
462,1,0,0,0,0,0,0,False,False
463,1,0,0,0,0,0,0,False,False
464,1,0,0,0,0,0,0,False,False
465,1,0,0,0,0,0,0,False,False
466,1,0,0,0,0,0,0,False,False
467,1,0,0,0,0,0,0,False,False
468,0,0,0,1,0,0,0,False,True
469,0,0,0,1,0,0,0,False,True
470,0,1,0,0,0,0,0,False,True
471,0,1,0,0,0,0,0,False,True
472,0,1,0,0,0,0,0,False,True
473,0,1,0,0,0,0,0,False,True
474,0,1,0,0,0,0,0,False,False
475,0,1,0,0,0,0,0,False,True
476,0,1,0,0,0,0,0,False,False
477,0,1,0,0,0,0,0,False,True
478,0,1,0,0,0,0,0,False,False
479,0,1,0,0,0,0,0,False,False
480,0,1,0,0,0,0,0,False,False
481,0,1,0,0,0,0,0,False,False
482,0,1,0,0,0,0,0,False,False
483,0,1,0,0,0,0,0,False,False
484,0,1,0,0,0,0,0,False,False
485,0,1,0,0,0,0,0,False,True
486,0,1,0,0,0,0,0,False,True
487,0,1,0,0,0,0,0,False,True
488,0,1,0,0,0,0,0,False,True
489,0,1,0,0,0,0,0,False,True
490,0,1,0,0,0,0,0,False,False
491,0,1,0,0,0,0,0,False,True
492,0,1,0,0,0,0,0,False,False
493,0,1,0,0,0,0,0,False,True
494,0,1,0,0,0,0,0,False,False
495,0,0,0,1,0,0,0,False,True
496,0,0,0,1,0,0,0,False,False
497,0,0,0,1,0,0,0,True,False
498,0,1,0,0,0,0,0,False,True
499,0,1,0,0,0,0,0,False,True
500,0,1,0,0,0,0,0,False,True
501,0,1,0,0,0,0,0,False,False
502,0,1,0,0,0,0,0,False,False
503,0,1,0,0,0,0,0,False,True
504,0,1,0,0,0,0,0,False,True
505,0,1,0,0,0,0,0,False,False
506,0,1,0,0,0,0,0,False,False
507,0,1,0,0,0,0,0,False,False
508,0,1,0,0,0,0,0,False,False
509,0,1,0,0,0,0,0,False,True
510,0,1,0,0,0,0,0,False,False
511,0,1,0,0,0,0,0,False,False
512,0,1,0,0,0,0,0,False,False
513,0,1,0,0,0,0,0,False,False
514,0,1,0,0,0,0,0,False,False
515,0,1,0,0,0,0,0,False,False
516,0,1,0,0,0,0,0,False,False
517,0,1,0,0,0,0,0,False,False
518,0,1,0,0,0,0,0,False,False
519,0,1,0,0,0,0,0,False,False
520,0,1,0,0,0,0,0,False,False
521,0,1,0,0,0,0,0,False,False
522,0,1,0,0,0,0,0,False,False
523,0,1,0,0,0,0,0,False,False
524,0,1,0,0,0,0,0,False,True
525,0,1,0,0,0,0,0,False,True
526,0,1,0,0,0,0,0,False,True
527,0,1,0,0,0,0,0,False,True
528,0,1,0,0,0,0,0,False,True
529,0,1,0,0,0,0,0,False,True
530,0,1,0,0,0,0,0,False,True
531,0,1,0,0,0,0,0,False,True
532,0,1,0,0,0,0,0,False,False
533,0,1,0,0,0,0,0,False,False
534,0,1,0,0,0,0,0,False,False
535,0,1,0,0,0,0,0,False,False
536,0,1,0,0,0,0,0,False,False
537,0,1,0,0,0,0,0,False,False
538,0,1,0,0,0,0,0,False,False
539,0,1,0,0,0,0,0,False,True
540,0,1,0,0,0,0,0,False,True
541,0,1,0,0,0,0,0,False,True
542,0,1,0,0,0,0,0,False,False
543,0,1,0,0,0,0,0,False,False
544,0,1,0,0,0,0,0,False,True
545,0,1,0,0,0,0,0,False,True
546,0,1,0,0,0,0,0,False,True
547,0,1,0,0,0,0,0,False,True
548,0,1,0,0,0,0,0,False,False
549,0,1,0,0,0,0,0,False,True
550,0,1,0,0,0,0,0,False,True
551,0,1,0,0,0,0,0,False,True
552,0,1,0,0,0,0,0,False,True
553,0,1,0,0,0,0,0,False,True
554,0,1,0,0,0,0,0,False,True
555,0,1,0,0,0,0,0,False,True
556,0,1,0,0,0,0,0,False,False
557,0,1,0,0,0,0,0,False,True
558,0,1,0,0,0,0,0,False,True
559,0,1,0,0,0,0,0,False,True
560,0,1,0,0,0,0,0,False,False
561,0,1,0,0,0,0,0,False,False
562,0,1,0,0,0,0,0,False,False
563,0,1,0,0,0,0,0,False,True
564,0,1,0,0,0,0,0,False,True
565,0,1,0,0,0,0,0,False,True
566,0,1,0,0,0,0,0,False,True
567,0,1,0,0,0,0,0,False,False
568,0,1,0,0,0,0,0,False,False
569,0,1,0,0,0,0,0,False,True
570,0,1,0,0,0,0,0,False,True
571,0,1,0,0,0,0,0,False,True
572,0,1,0,0,0,0,0,False,True
573,0,1,0,0,0,0,0,False,True
574,0,1,0,0,0,0,0,False,True
575,0,1,0,0,0,0,0,False,True
576,0,1,0,0,0,0,0,False,True
577,0,1,0,0,0,0,0,False,True
578,0,1,0,0,0,0,0,False,True
579,0,1,0,0,0,0,0,False,True
580,0,1,0,0,0,0,0,False,True
581,0,1,0,0,0,0,0,False,True
582,0,1,0,0,0,0,0,False,True
583,0,1,0,0,0,0,0,False,True
584,0,1,0,0,0,0,0,False,False
585,0,1,0,0,0,0,0,False,False
586,0,1,0,0,0,0,0,False,False
587,0,1,0,0,0,0,0,False,False
588,0,1,0,0,0,0,0,False,True
589,0,1,0,0,0,0,0,False,True
590,0,1,0,0,0,0,0,False,True
591,0,1,0,0,0,0,0,False,True
592,0,1,0,0,0,0,0,False,False
593,0,1,0,0,0,0,0,False,False
594,0,1,0,0,0,0,0,False,True
595,0,1,0,0,0,0,0,False,True
596,0,1,0,0,0,0,0,False,False
597,0,1,0,0,0,0,0,False,False
598,0,1,0,0,0,0,0,False,True
599,0,1,0,0,0,0,0,False,False
600,0,1,0,0,0,0,0,False,False
601,0,1,0,0,0,0,0,False,False
602,0,1,0,0,0,0,0,False,True
603,0,1,0,0,0,0,0,False,False
604,0,1,0,0,0,0,0,False,False
605,0,1,0,0,0,0,0,False,False
606,0,1,0,0,0,0,0,False,True
607,0,1,0,0,0,0,0,False,True
608,0,1,0,0,0,0,0,False,True
609,0,1,0,0,0,0,0,False,False
610,0,1,0,0,0,0,0,False,False
611,0,1,0,0,0,0,0,False,False
612,0,1,0,0,0,0,0,False,True
613,0,1,0,0,0,0,0,False,True
614,0,1,0,0,0,0,0,False,True
615,0,1,0,0,0,0,0,False,True
616,0,1,0,0,0,0,0,False,True
617,0,1,0,0,0,0,0,False,False
618,0,1,0,0,0,0,0,False,True
619,0,1,0,0,0,0,0,False,False
620,0,1,0,0,0,0,0,False,True
621,0,1,0,0,0,0,0,False,True
622,0,1,0,0,0,0,0,False,True
623,0,1,0,0,0,0,0,False,True
624,0,1,0,0,0,0,0,False,False
625,0,1,0,0,0,0,0,False,True
626,0,1,0,0,0,0,0,False,True
627,0,1,0,0,0,0,0,False,True
628,0,1,0,0,0,0,0,False,True
629,0,1,0,0,0,0,0,False,True
630,0,1,0,0,0,0,0,False,True
631,0,1,0,0,0,0,0,False,True
632,0,1,0,0,0,0,0,False,True
633,0,1,0,0,0,0,0,False,True
634,0,1,0,0,0,0,0,False,False
635,1,0,0,0,0,0,0,False,False
636,1,0,0,0,0,0,0,False,False
637,0,1,0,0,0,0,0,False,True
638,0,1,0,0,0,0,0,False,True
639,0,1,0,0,0,0,0,False,True
640,0,1,0,0,0,0,0,False,True
641,0,1,0,0,0,0,0,False,False
642,0,1,0,0,0,0,0,False,True
643,0,1,0,0,0,0,0,False,True
644,0,1,0,0,0,0,0,False,False
645,0,1,0,0,0,0,0,False,True
646,0,1,0,0,0,0,0,False,True
647,0,1,0,0,0,0,0,False,False
648,0,1,0,0,0,0,0,False,True
649,0,1,0,0,0,0,0,False,True
650,0,1,0,0,0,0,0,False,True
651,0,1,0,0,0,0,0,False,True
652,0,1,0,0,0,0,0,False,True
653,0,1,0,0,0,0,0,False,True
654,0,1,0,0,0,0,0,False,True
655,0,1,0,0,0,0,0,False,True
656,0,1,0,0,0,0,0,False,False
657,0,1,0,0,0,0,0,False,True
658,0,1,0,0,0,0,0,False,True
659,0,1,0,0,0,0,0,False,True
660,0,1,0,0,0,0,0,False,True
661,0,1,0,0,0,0,0,False,True
662,0,1,0,0,0,0,0,False,True
663,0,1,0,0,0,0,0,False,True
664,0,1,0,0,0,0,0,False,False
665,0,1,0,0,0,0,0,False,False
666,0,1,0,0,0,0,0,False,True
667,0,1,0,0,0,0,0,False,False
668,0,1,0,0,0,0,0,False,False
669,0,1,0,0,0,0,0,False,False
670,0,1,0,0,0,0,0,False,True
671,0,1,0,0,0,0,0,False,False
672,0,1,0,0,0,0,0,False,False
673,0,1,0,0,0,0,0,False,False
674,0,1,0,0,0,0,0,False,False
675,0,1,0,0,0,0,0,False,False
676,0,1,0,0,0,0,0,False,True
677,0,1,0,0,0,0,0,False,True
678,0,1,0,0,0,0,0,False,True
679,0,1,0,0,0,0,0,False,False
680,0,1,0,0,0,0,0,False,True
681,0,1,0,0,0,0,0,False,False
682,0,1,0,0,0,0,0,False,True
683,0,1,0,0,0,0,0,False,True
684,0,1,0,0,0,0,0,False,True
685,0,1,0,0,0,0,0,False,True
686,0,1,0,0,0,0,0,False,True
687,0,1,0,0,0,0,0,False,False
688,0,1,0,0,0,0,0,False,True
689,0,1,0,0,0,0,0,False,False
690,0,1,0,0,0,0,0,False,True
691,0,1,0,0,0,0,0,False,False
692,0,1,0,0,0,0,0,False,False
693,0,1,0,0,0,0,0,False,True
694,0,1,0,0,0,0,0,False,True
695,0,1,0,0,0,0,0,False,True
696,0,1,0,0,0,0,0,False,False
697,0,1,0,0,0,0,0,False,False
698,0,1,0,0,0,0,0,False,True
699,0,1,0,0,0,0,0,False,True
700,0,1,0,0,0,0,0,False,True
701,0,1,0,0,0,0,0,False,True
702,0,1,0,0,0,0,0,False,False
703,0,1,0,0,0,0,0,False,False
704,0,1,0,0,0,0,0,False,False
705,0,1,0,0,0,0,0,False,True
706,0,1,0,0,0,0,0,False,False
707,0,1,0,0,0,0,0,False,False
708,0,1,0,0,0,0,0,False,False
709,0,1,0,0,0,0,0,False,True
710,0,1,0,0,0,0,0,False,True
711,0,1,0,0,0,0,0,False,True
712,0,1,0,0,0,0,0,False,True
713,0,1,0,0,0,0,0,False,True
714,0,1,0,0,0,0,0,False,True
715,0,1,0,0,0,0,0,False,True
716,0,1,0,0,0,0,0,False,False
717,0,1,0,0,0,0,0,False,True
718,0,1,0,0,0,0,0,False,True
719,0,1,0,0,0,0,0,False,True
720,0,1,0,0,0,0,0,False,False
721,0,1,0,0,0,0,0,False,False
722,0,1,0,0,0,0,0,False,True
723,0,1,0,0,0,0,0,False,False
724,0,1,0,0,0,0,0,False,True
725,0,1,0,0,0,0,0,False,True
726,0,1,0,0,0,0,0,False,False
727,0,1,0,0,0,0,0,False,True
728,0,1,0,0,0,0,0,False,False
729,0,1,0,0,0,0,0,False,False
730,0,1,0,0,0,0,0,False,True
731,0,1,0,0,0,0,0,False,True
732,0,1,0,0,0,0,0,False,False
733,0,1,0,0,0,0,0,False,True
734,0,1,0,0,0,0,0,False,True
735,0,1,0,0,0,0,0,False,False
736,0,1,0,0,0,0,0,False,True
737,0,1,0,0,0,0,0,False,True
738,0,1,0,0,0,0,0,False,True
739,0,1,0,0,0,0,0,False,True
740,0,1,0,0,0,0,0,False,True
741,0,1,0,0,0,0,0,False,False
742,0,1,0,0,0,0,0,False,True
743,0,1,0,0,0,0,0,False,True
744,0,1,0,0,0,0,0,False,False
745,0,1,0,0,0,0,0,False,False
746,0,1,0,0,0,0,0,False,True
747,0,1,0,0,0,0,0,False,True
748,0,1,0,0,0,0,0,False,True
749,0,1,0,0,0,0,0,False,False
750,0,1,0,0,0,0,0,False,True
751,0,1,0,0,0,0,0,False,True
752,0,1,0,0,0,0,0,False,False
753,0,1,0,0,0,0,0,False,True
754,0,1,0,0,0,0,0,False,True
755,0,1,0,0,0,0,0,False,True
756,0,1,0,0,0,0,0,False,True
757,0,1,0,0,0,0,0,False,False
758,0,1,0,0,0,0,0,False,False
759,0,1,0,0,0,0,0,False,True
760,0,1,0,0,0,0,0,False,True
761,0,1,0,0,0,0,0,False,True
762,0,1,0,0,0,0,0,False,True
763,0,1,0,0,0,0,0,False,False
764,0,1,0,0,0,0,0,False,True
765,0,1,0,0,0,0,0,False,False
766,0,1,0,0,0,0,0,False,True
767,0,1,0,0,0,0,0,False,False
768,0,1,0,0,0,0,0,False,False
769,0,1,0,0,0,0,0,False,True
770,0,1,0,0,0,0,0,False,True
771,0,1,0,0,0,0,0,False,True
772,0,1,0,0,0,0,0,False,True
773,0,1,0,0,0,0,0,False,True
774,0,1,0,0,0,0,0,False,True
775,0,1,0,0,0,0,0,False,False
776,0,1,0,0,0,0,0,False,False
777,0,1,0,0,0,0,0,False,True
778,0,1,0,0,0,0,0,False,True
779,0,1,0,0,0,0,0,False,True
780,0,1,0,0,0,0,0,False,True
781,0,1,0,0,0,0,0,False,True
782,0,1,0,0,0,0,0,False,True
783,0,1,0,0,0,0,0,False,True
784,0,1,0,0,0,0,0,False,False
785,0,1,0,0,0,0,0,False,False
786,0,1,0,0,0,0,0,False,True
787,0,1,0,0,0,0,0,False,False
788,0,1,0,0,0,0,0,False,False
789,0,1,0,0,0,0,0,False,True
790,0,1,0,0,0,0,0,False,False
791,0,1,0,0,0,0,0,False,False
792,0,1,0,0,0,0,0,False,True
793,0,1,0,0,0,0,0,False,False
794,0,1,0,0,0,0,0,False,False
795,0,1,0,0,0,0,0,False,False
796,0,1,0,0,0,0,0,False,False
797,0,1,0,0,0,0,0,False,True
798,0,1,0,0,0,0,0,False,False
799,0,1,0,0,0,0,0,False,True
800,0,1,0,0,0,0,0,False,False
801,0,1,0,0,0,0,0,False,True
802,0,1,0,0,0,0,0,False,False
803,0,1,0,0,0,0,0,False,True
804,0,1,0,0,0,0,0,False,True
805,0,1,0,0,0,0,0,False,False
806,0,1,0,0,0,0,0,False,False
807,0,1,0,0,0,0,0,False,True
808,0,1,0,0,0,0,0,False,True
809,0,1,0,0,0,0,0,False,True
810,0,1,0,0,0,0,0,False,True
811,0,1,0,0,0,0,0,False,True
812,0,1,0,0,0,0,0,False,False
813,0,1,0,0,0,0,0,False,True
814,0,1,0,0,0,0,0,False,True
815,0,1,0,0,0,0,0,False,False
816,0,1,0,0,0,0,0,False,False
817,0,1,0,0,0,0,0,False,True
818,0,1,0,0,0,0,0,False,True
819,0,1,0,0,0,0,0,False,True
820,0,1,0,0,0,0,0,False,True
821,0,1,0,0,0,0,0,False,True
822,0,1,0,0,0,0,0,False,False
823,0,1,0,0,0,0,0,False,False
824,0,1,0,0,0,0,0,False,True
825,0,1,0,0,0,0,0,False,False
826,0,1,0,0,0,0,0,False,False
827,0,1,0,0,0,0,0,False,False
828,0,1,0,0,0,0,0,False,False
829,0,1,0,0,0,0,0,False,False
830,0,1,0,0,0,0,0,False,False
831,0,1,0,0,0,0,0,False,False
832,0,1,0,0,0,0,0,False,False
833,0,1,0,0,0,0,0,False,False
834,0,1,0,0,0,0,0,False,False
835,0,1,0,0,0,0,0,False,True
836,0,1,0,0,0,0,0,False,True
837,0,1,0,0,0,0,0,False,True
838,0,1,0,0,0,0,0,False,True
839,0,1,0,0,0,0,0,False,True
840,0,1,0,0,0,0,0,False,True
841,0,1,0,0,0,0,0,False,True
842,0,1,0,0,0,0,0,False,True
843,0,1,0,0,0,0,0,False,True
844,0,1,0,0,0,0,0,False,True
845,0,1,0,0,0,0,0,False,True
846,0,1,0,0,0,0,0,False,True
847,0,1,0,0,0,0,0,False,True
848,0,1,0,0,0,0,0,False,True
849,0,1,0,0,0,0,0,False,False
850,0,1,0,0,0,0,0,False,True
851,0,1,0,0,0,0,0,False,True
852,0,1,0,0,0,0,0,False,False
853,0,1,0,0,0,0,0,False,False
854,0,1,0,0,0,0,0,False,True
855,0,1,0,0,0,0,0,False,True
856,0,1,0,0,0,0,0,False,False
857,0,1,0,0,0,0,0,False,False
858,0,1,0,0,0,0,0,False,False
859,0,1,0,0,0,0,0,False,True
860,0,1,0,0,0,0,0,False,True
861,0,1,0,0,0,0,0,False,True
862,0,1,0,0,0,0,0,False,True
863,0,1,0,0,0,0,0,False,True
864,0,1,0,0,0,0,0,False,True
865,0,1,0,0,0,0,0,False,True
866,0,1,0,0,0,0,0,False,False
867,0,1,0,0,0,0,0,False,True
868,0,1,0,0,0,0,0,False,False
869,0,1,0,0,0,0,0,False,False
870,0,1,0,0,0,0,0,False,True
871,0,1,0,0,0,0,0,False,False
872,0,1,0,0,0,0,0,False,False
873,0,1,0,0,0,0,0,False,True
874,0,1,0,0,0,0,0,False,False
875,0,1,0,0,0,0,0,False,True
876,0,1,0,0,0,0,0,False,True
877,0,1,0,0,0,0,0,False,False
878,0,1,0,0,0,0,0,False,True
879,0,1,0,0,0,0,0,False,True
880,0,1,0,0,0,0,0,False,True
881,0,1,0,0,0,0,0,False,True
882,0,1,0,0,0,0,0,False,True
883,0,1,0,0,0,0,0,False,True
884,0,1,0,0,0,0,0,False,False
885,0,1,0,0,0,0,0,False,True
886,0,1,0,0,0,0,0,False,True
887,0,1,0,0,0,0,0,False,True
888,0,1,0,0,0,0,0,False,True
889,0,1,0,0,0,0,0,False,True
890,0,1,0,0,0,0,0,False,True
891,0,1,0,0,0,0,0,False,True
892,0,1,0,0,0,0,0,False,True
893,0,1,0,0,0,0,0,False,False
894,0,1,0,0,0,0,0,False,True
895,0,1,0,0,0,0,0,False,True
896,0,1,0,0,0,0,0,False,True
897,0,1,0,0,0,0,0,False,True
898,0,1,0,0,0,0,0,False,True
899,0,1,0,0,0,0,0,False,True
900,0,1,0,0,0,0,0,False,True
901,0,1,0,0,0,0,0,False,True
902,0,1,0,0,0,0,0,False,True
903,0,1,0,0,0,0,0,False,True
904,0,1,0,0,0,0,0,False,True
905,0,1,0,0,0,0,0,False,True
906,0,1,0,0,0,0,0,False,True
907,0,1,0,0,0,0,0,False,True
908,0,1,0,0,0,0,0,False,True
909,0,1,0,0,0,0,0,False,True
910,0,1,0,0,0,0,0,False,True
911,0,1,0,0,0,0,0,False,True
912,0,1,0,0,0,0,0,False,True
913,0,1,0,0,0,0,0,False,True
914,0,1,0,0,0,0,0,False,True
915,0,1,0,0,0,0,0,False,True
916,0,1,0,0,0,0,0,False,True
917,0,1,0,0,0,0,0,False,True
918,0,1,0,0,0,0,0,False,True
919,0,1,0,0,0,0,0,False,True
920,0,1,0,0,0,0,0,False,True
921,0,1,0,0,0,0,0,False,True
922,0,1,0,0,0,0,0,False,True
923,0,1,0,0,0,0,0,False,True
924,0,1,0,0,0,0,0,False,True
925,0,1,0,0,0,0,0,False,True
926,0,1,0,0,0,0,0,False,True
927,0,1,0,0,0,0,0,False,False
928,0,1,0,0,0,0,0,False,False
929,0,1,0,0,0,0,0,False,False
930,0,1,0,0,0,0,0,False,True
931,0,1,0,0,0,0,0,False,True
932,0,1,0,0,0,0,0,False,True
933,0,1,0,0,0,0,0,False,False
934,0,1,0,0,0,0,0,False,True
935,0,1,0,0,0,0,0,False,True
936,0,1,0,0,0,0,0,False,True
937,0,1,0,0,0,0,0,False,False
938,0,1,0,0,0,0,0,False,True
939,0,1,0,0,0,0,0,False,False
940,0,1,0,0,0,0,0,False,True
941,0,1,0,0,0,0,0,False,True
942,0,1,0,0,0,0,0,False,False
943,0,1,0,0,0,0,0,False,True
944,0,1,0,0,0,0,0,False,True
945,0,1,0,0,0,0,0,False,False
946,0,0,0,1,0,0,0,False,False
947,0,0,0,1,0,0,0,False,False
948,0,0,0,1,0,0,0,False,True
949,0,0,0,1,0,0,0,False,True
950,0,0,0,1,0,0,0,False,True
951,0,0,0,1,0,0,0,False,True
952,0,0,0,1,0,0,0,False,True
953,0,0,0,1,0,0,0,False,True
954,0,0,0,1,0,0,0,False,False
955,0,1,0,0,0,0,0,False,True
956,0,1,0,0,0,0,0,False,False
957,0,1,0,0,0,0,0,False,True
958,0,1,0,0,0,0,0,False,True
959,0,0,0,1,0,0,0,False,False
960,0,0,0,1,0,0,0,False,False
961,0,0,0,1,0,0,0,False,True
962,0,0,0,1,0,0,0,False,True
963,0,0,0,1,0,0,0,False,True
964,0,0,0,1,0,0,0,False,True
965,0,0,0,1,0,0,0,False,True
966,0,0,0,1,0,0,0,False,True
967,0,0,0,1,0,0,0,False,True
968,0,0,0,1,0,0,0,False,True
969,0,0,0,1,0,0,0,False,True
970,0,1,0,0,0,0,0,False,True
971,0,1,0,0,0,0,0,False,True
972,0,1,0,0,0,0,0,False,True
973,0,1,0,0,0,0,0,False,True
974,0,0,1,0,0,0,0,False,True
975,0,0,1,0,0,0,0,False,False
976,0,0,1,0,0,0,0,False,True
977,0,0,1,0,0,0,0,False,True
978,0,0,1,0,0,0,0,False,True
979,0,0,1,0,0,0,0,False,True
980,0,0,1,0,0,0,0,False,False
981,0,0,1,0,0,0,0,False,False
982,0,0,1,0,0,0,0,False,False
983,0,1,0,0,0,0,0,False,True
984,0,1,0,0,0,0,0,False,False
985,0,1,0,0,0,0,0,False,True
986,0,1,0,0,0,0,0,False,True
987,0,1,0,0,0,0,0,False,True
988,0,1,0,0,0,0,0,False,True
989,0,1,0,0,0,0,0,False,True
990,0,1,0,0,0,0,0,False,False
991,0,1,0,0,0,0,0,False,True
992,0,1,0,0,0,0,0,False,True
993,0,1,0,0,0,0,0,False,False
994,0,1,0,0,0,0,0,False,True
995,0,0,0,0,0,1,0,False,False
996,0,0,0,0,0,1,0,False,False
997,0,0,0,0,0,1,0,False,True
998,0,0,0,0,0,1,0,False,True
999,0,0,0,0,0,1,0,False,True
1000,0,0,0,0,0,1,0,False,True
1001,0,0,0,0,0,1,0,False,False
1002,0,0,0,0,0,1,0,False,True
1003,0,0,0,1,0,0,0,False,True
1004,0,0,0,0,0,1,0,False,True
1005,0,0,0,0,0,1,0,False,False
1006,0,0,0,0,0,1,0,False,True
1007,0,0,0,1,0,0,0,False,True
1008,0,0,0,1,0,0,0,False,True
1009,0,0,0,0,0,1,0,False,True
1010,0,0,0,0,0,1,0,False,True
1011,0,0,0,0,0,1,0,False,True
1012,0,0,0,1,0,0,0,False,True
1013,0,0,0,1,0,0,0,False,True
1014,0,0,0,0,0,1,0,False,True
1015,0,1,0,0,0,0,0,False,True
1016,0,1,0,0,0,0,0,False,True
1017,0,1,0,0,0,0,0,False,False
1018,0,1,0,0,0,0,0,False,True
1019,0,1,0,0,0,0,0,False,True
1020,0,1,0,0,0,0,0,False,False
1021,0,1,0,0,0,0,0,False,True
1022,0,1,0,0,0,0,0,False,True
1023,0,1,0,0,0,0,0,False,True
1024,0,1,0,0,0,0,0,False,True
1025,0,1,0,0,0,0,0,False,False
1026,0,1,0,0,0,0,0,False,False
1027,0,1,0,0,0,0,0,False,True
1028,0,1,0,0,0,0,0,False,True
1029,0,1,0,0,0,0,0,False,True
1030,0,1,0,0,0,0,0,False,True
1031,0,1,0,0,0,0,0,False,True
1032,0,1,0,0,0,0,0,False,True
1033,0,1,0,0,0,0,0,False,True
1034,0,1,0,0,0,0,0,False,True
1035,0,1,0,0,0,0,0,False,True
1036,0,1,0,0,0,0,0,False,True
1037,0,1,0,0,0,0,0,False,False
1038,0,1,0,0,0,0,0,False,True
1039,0,1,0,0,0,0,0,False,True
1040,1,0,0,0,0,0,0,False,True
1041,1,0,0,0,0,0,0,False,True
1042,1,0,0,0,0,0,0,False,False
1043,1,0,0,0,0,0,0,False,False
1044,1,0,0,0,0,0,0,False,False
1045,1,0,0,0,0,0,0,False,False
1046,1,0,0,0,0,0,0,False,False
1047,1,0,0,0,0,0,0,False,True
1048,1,0,0,0,0,0,0,False,False
1049,1,0,0,0,0,0,0,False,False
1050,1,0,0,0,0,0,0,False,False
1051,1,0,0,0,0,0,0,False,False
1052,1,0,0,0,0,0,0,False,True
1053,1,0,0,0,0,0,0,False,False
1054,1,0,0,0,0,0,0,False,True
1055,1,0,0,0,0,0,0,False,True
1056,1,0,0,0,0,0,0,False,True
1057,1,0,0,0,0,0,0,False,True
1058,1,0,0,0,0,0,0,False,False
1059,1,0,0,0,0,0,0,False,False
1060,1,0,0,0,0,0,0,False,True
1061,1,0,0,0,0,0,0,False,False
1062,1,0,0,0,0,0,0,False,False
1063,1,0,0,0,0,0,0,False,False
1064,1,0,0,0,0,0,0,False,False
1065,1,0,0,0,0,0,0,False,True
1066,1,0,0,0,0,0,0,False,True
1067,1,0,0,0,0,0,0,False,False
1068,0,1,0,0,0,0,0,False,True
1069,0,1,0,0,0,0,0,False,True
1070,0,1,0,0,0,0,0,False,False
1071,0,1,0,0,0,0,0,False,False
1072,0,1,0,0,0,0,0,False,False
1073,0,1,0,0,0,0,0,False,False
1074,0,1,0,0,0,0,0,False,False
1075,0,1,0,0,0,0,0,False,False
1076,0,1,0,0,0,0,0,False,False
1077,0,1,0,0,0,0,0,False,False
1078,0,1,0,0,0,0,0,False,False
1079,0,1,0,0,0,0,0,False,False
1080,0,1,0,0,0,0,0,False,False
1081,0,1,0,0,0,0,0,False,True
1082,0,1,0,0,0,0,0,False,True
1083,0,1,0,0,0,0,0,False,True
1084,0,1,0,0,0,0,0,False,False
1085,0,1,0,0,0,0,0,False,False
1086,0,1,0,0,0,0,0,False,False
1087,0,1,0,0,0,0,0,False,True
1088,0,1,0,0,0,0,0,False,False
1089,0,1,0,0,0,0,0,False,True
1090,0,1,0,0,0,0,0,False,True
1091,0,1,0,0,0,0,0,False,True
1092,0,1,0,0,0,0,0,False,True
1093,0,1,0,0,0,0,0,False,True
1094,0,1,0,0,0,0,0,False,False
1095,0,1,0,0,0,0,0,False,True
1096,0,1,0,0,0,0,0,False,False
1097,0,1,0,0,0,0,0,False,False
1098,0,1,0,0,0,0,0,False,True
1099,0,1,0,0,0,0,0,False,True
1100,0,1,0,0,0,0,0,False,True
1101,0,1,0,0,0,0,0,False,False
1102,0,1,0,0,0,0,0,False,False
1103,0,1,0,0,0,0,0,False,True
1104,0,1,0,0,0,0,0,False,True
1105,0,1,0,0,0,0,0,False,False
1106,0,1,0,0,0,0,0,False,True
1107,0,1,0,0,0,0,0,False,True
1108,0,1,0,0,0,0,0,False,False
1109,0,1,0,0,0,0,0,False,False
1110,0,1,0,0,0,0,0,False,True
1111,0,1,0,0,0,0,0,False,False
1112,0,1,0,0,0,0,0,False,False
1113,0,1,0,0,0,0,0,False,False
1114,0,1,0,0,0,0,0,False,True
1115,0,1,0,0,0,0,0,False,True
1116,0,1,0,0,0,0,0,False,True
1117,0,1,0,0,0,0,0,False,True
1118,0,1,0,0,0,0,0,False,True
1119,0,1,0,0,0,0,0,False,False
1120,0,1,0,0,0,0,0,False,False
1121,0,1,0,0,0,0,0,False,False
1122,0,1,0,0,0,0,0,False,True
1123,0,1,0,0,0,0,0,False,True
1124,0,1,0,0,0,0,0,False,True
1125,0,1,0,0,0,0,0,False,False
1126,0,1,0,0,0,0,0,False,False
1127,0,1,0,0,0,0,0,False,True
1128,0,1,0,0,0,0,0,False,False
1129,0,1,0,0,0,0,0,False,True
1130,0,1,0,0,0,0,0,False,True
1131,0,1,0,0,0,0,0,False,False
1132,0,1,0,0,0,0,0,False,True
1133,0,1,0,0,0,0,0,False,True
1134,0,1,0,0,0,0,0,False,True
1135,0,1,0,0,0,0,0,False,True
1136,0,1,0,0,0,0,0,False,False
1137,0,1,0,0,0,0,0,False,False
1138,0,1,0,0,0,0,0,False,False
1139,0,1,0,0,0,0,0,False,True
1140,0,1,0,0,0,0,0,False,False
1141,0,1,0,0,0,0,0,False,False
1142,0,1,0,0,0,0,0,False,False
1143,0,1,0,0,0,0,0,False,True
1144,0,1,0,0,0,0,0,False,True
1145,0,1,0,0,0,0,0,False,False
1146,0,1,0,0,0,0,0,False,False
1147,0,1,0,0,0,0,0,False,True
1148,0,1,0,0,0,0,0,False,True
1149,0,1,0,0,0,0,0,False,False
1150,0,1,0,0,0,0,0,False,True
1151,0,1,0,0,0,0,0,False,True
1152,0,1,0,0,0,0,0,False,False
1153,0,1,0,0,0,0,0,False,True
1154,0,1,0,0,0,0,0,False,False
1155,0,1,0,0,0,0,0,False,True
1156,0,1,0,0,0,0,0,False,False
1157,0,1,0,0,0,0,0,False,True
1158,0,1,0,0,0,0,0,False,True
1159,0,1,0,0,0,0,0,False,True
1160,0,1,0,0,0,0,0,False,False
1161,0,1,0,0,0,0,0,False,True
1162,0,1,0,0,0,0,0,False,False
1163,0,1,0,0,0,0,0,False,True
1164,0,1,0,0,0,0,0,False,True
1165,0,1,0,0,0,0,0,False,False
1166,0,1,0,0,0,0,0,False,True
1167,0,1,0,0,0,0,0,False,True
1168,0,1,0,0,0,0,0,False,False
1169,0,1,0,0,0,0,0,False,True
1170,0,1,0,0,0,0,0,False,False
1171,0,1,0,0,0,0,0,False,False
1172,0,1,0,0,0,0,0,False,False
1173,0,1,0,0,0,0,0,False,False
1174,0,1,0,0,0,0,0,False,True
1175,0,1,0,0,0,0,0,False,True
1176,0,1,0,0,0,0,0,False,False
1177,0,1,0,0,0,0,0,False,True
1178,0,1,0,0,0,0,0,False,True
1179,0,1,0,0,0,0,0,False,True
1180,0,1,0,0,0,0,0,False,True
1181,0,1,0,0,0,0,0,False,True
1182,0,1,0,0,0,0,0,False,True
1183,0,1,0,0,0,0,0,False,True
1184,0,1,0,0,0,0,0,False,True
1185,0,1,0,0,0,0,0,False,True
1186,0,1,0,0,0,0,0,False,True
1187,0,1,0,0,0,0,0,False,True
1188,0,1,0,0,0,0,0,False,False
1189,0,1,0,0,0,0,0,False,False
1190,0,1,0,0,0,0,0,False,True
1191,0,1,0,0,0,0,0,False,False
1192,0,1,0,0,0,0,0,False,True
1193,0,1,0,0,0,0,0,False,True
1194,0,1,0,0,0,0,0,False,False
1195,0,1,0,0,0,0,0,False,True
1196,0,1,0,0,0,0,0,False,True
1197,0,1,0,0,0,0,0,False,True
1198,0,1,0,0,0,0,0,False,False
1199,0,1,0,0,0,0,0,False,False
1200,0,1,0,0,0,0,0,False,True
1201,0,1,0,0,0,0,0,False,True
1202,0,1,0,0,0,0,0,False,True
1203,0,1,0,0,0,0,0,False,True
1204,0,1,0,0,0,0,0,False,True
1205,0,1,0,0,0,0,0,False,False
1206,0,1,0,0,0,0,0,False,False
1207,0,1,0,0,0,0,0,False,True
1208,0,1,0,0,0,0,0,False,True
1209,0,1,0,0,0,0,0,False,True
1210,0,1,0,0,0,0,0,False,False
1211,0,1,0,0,0,0,0,False,True
1212,0,1,0,0,0,0,0,False,True
1213,0,1,0,0,0,0,0,False,True
1214,0,1,0,0,0,0,0,False,True
1215,0,1,0,0,0,0,0,False,True
1216,0,1,0,0,0,0,0,False,True
1217,0,1,0,0,0,0,0,False,True
1218,0,1,0,0,0,0,0,False,True
1219,0,1,0,0,0,0,0,False,True
1220,0,1,0,0,0,0,0,False,True
1221,0,1,0,0,0,0,0,False,True
1222,0,1,0,0,0,0,0,False,False
1223,0,1,0,0,0,0,0,False,False
1224,0,1,0,0,0,0,0,False,False
1225,0,1,0,0,0,0,0,False,False
1226,0,1,0,0,0,0,0,False,True
1227,0,1,0,0,0,0,0,False,True
1228,0,1,0,0,0,0,0,False,False
1229,0,1,0,0,0,0,0,False,False
1230,0,1,0,0,0,0,0,False,False
1231,0,1,0,0,0,0,0,False,True
1232,0,1,0,0,0,0,0,False,False
1233,0,0,0,0,0,0,0,True,False
